{
  "prepare_queue": {
    "installed": [],
    "uninstalled": []
  },
  "config_munge": {
    "files": {
      "res/xml/config.xml": {
        "parents": {
          "/*": [
            {
              "xml": "<feature name=\"Whitelist\"><param name=\"android-package\" value=\"org.apache.cordova.whitelist.WhitelistPlugin\" /><param name=\"onload\" value=\"true\" /></feature>",
              "count": 1
            },
            {
              "xml": "<feature name=\"Camera\"><param name=\"android-package\" value=\"org.apache.cordova.camera.CameraLauncher\" /></feature>",
              "count": 1
            },
            {
              "xml": "<feature name=\"Geolocation\"><param name=\"android-package\" value=\"org.apache.cordova.geolocation.Geolocation\" /></feature>",
              "count": 1
            },
            {
              "xml": "<feature name=\"File\"><param name=\"android-package\" value=\"org.apache.cordova.file.FileUtils\" /><param name=\"onload\" value=\"true\" /></feature>",
              "count": 1
            },
            {
              "xml": "<allow-navigation href=\"cdvfile:*\" />",
              "count": 1
            },
            {
              "xml": "<feature name=\"Notification\"><param name=\"android-package\" value=\"org.apache.cordova.dialogs.Notification\" /></feature>",
              "count": 1
            }
          ]
        }
      },
      "AndroidManifest.xml": {
        "parents": {
          "/*": [
            {
              "xml": "<uses-permission android:name=\"android.permission.WRITE_EXTERNAL_STORAGE\" />",
              "count": 2
            },
            {
              "xml": "<uses-permission android:name=\"android.permission.ACCESS_COARSE_LOCATION\" />",
              "count": 1
            },
            {
              "xml": "<uses-permission android:name=\"android.permission.ACCESS_FINE_LOCATION\" />",
              "count": 1
            },
            {
              "xml": "<uses-feature android:name=\"android.hardware.location.gps\" />",
              "count": 1
            }
          ],
          "application": [
            {
              "xml": "<provider android:authorities=\"${applicationId}.provider\" android:exported=\"false\" android:grantUriPermissions=\"true\" android:name=\"org.apache.cordova.camera.FileProvider\"><meta-data android:name=\"android.support.FILE_PROVIDER_PATHS\" android:resource=\"@xml/camera_provider_paths\" /></provider>",
              "count": 1
            }
          ]
        }
      }
    }
  },
  "installed_plugins": {
    "cordova-plugin-whitelist": {
      "PACKAGE_NAME": "com.example.matzip"
    },
    "cordova-plugin-camera": {
      "PACKAGE_NAME": "com.example.matzip"
    },
    "cordova-plugin-geolocation": {
      "PACKAGE_NAME": "com.example.matzip"
    },
    "cordova-plugin-file": {
      "PACKAGE_NAME": "com.example.matzip"
    },
    "cordova-plugin-dialogs": {
      "PACKAGE_NAME": "com.example.matzip"
    },
    "cordova-plugin-console": {
      "PACKAGE_NAME": "com.example.matzip"
    }
  },
  "dependent_plugins": {},
  "modules": [
    {
      "id": "cordova-plugin-camera.Camera",
      "file": "plugins/cordova-plugin-camera/www/CameraConstants.js",
      "pluginId": "cordova-plugin-camera",
      "clobbers": [
        "Camera"
      ]
    },
    {
      "id": "cordova-plugin-camera.CameraPopoverOptions",
      "file": "plugins/cordova-plugin-camera/www/CameraPopoverOptions.js",
      "pluginId": "cordova-plugin-camera",
      "clobbers": [
        "CameraPopoverOptions"
      ]
    },
    {
      "id": "cordova-plugin-camera.camera",
      "file": "plugins/cordova-plugin-camera/www/Camera.js",
      "pluginId": "cordova-plugin-camera",
      "clobbers": [
        "navigator.camera"
      ]
    },
    {
      "id": "cordova-plugin-camera.CameraPopoverHandle",
      "file": "plugins/cordova-plugin-camera/www/CameraPopoverHandle.js",
      "pluginId": "cordova-plugin-camera",
      "clobbers": [
        "CameraPopoverHandle"
      ]
    },
    {
      "id": "cordova-plugin-geolocation.geolocation",
      "file": "plugins/cordova-plugin-geolocation/www/android/geolocation.js",
      "pluginId": "cordova-plugin-geolocation",
      "clobbers": [
        "navigator.geolocation"
      ]
    },
    {
      "id": "cordova-plugin-geolocation.PositionError",
      "file": "plugins/cordova-plugin-geolocation/www/PositionError.js",
      "pluginId": "cordova-plugin-geolocation",
      "runs": true
    },
    {
      "id": "cordova-plugin-file.DirectoryEntry",
      "file": "plugins/cordova-plugin-file/www/DirectoryEntry.js",
      "pluginId": "cordova-plugin-file",
      "clobbers": [
        "window.DirectoryEntry"
      ]
    },
    {
      "id": "cordova-plugin-file.DirectoryReader",
      "file": "plugins/cordova-plugin-file/www/DirectoryReader.js",
      "pluginId": "cordova-plugin-file",
      "clobbers": [
        "window.DirectoryReader"
      ]
    },
    {
      "id": "cordova-plugin-file.Entry",
      "file": "plugins/cordova-plugin-file/www/Entry.js",
      "pluginId": "cordova-plugin-file",
      "clobbers": [
        "window.Entry"
      ]
    },
    {
      "id": "cordova-plugin-file.File",
      "file": "plugins/cordova-plugin-file/www/File.js",
      "pluginId": "cordova-plugin-file",
      "clobbers": [
        "window.File"
      ]
    },
    {
      "id": "cordova-plugin-file.FileEntry",
      "file": "plugins/cordova-plugin-file/www/FileEntry.js",
      "pluginId": "cordova-plugin-file",
      "clobbers": [
        "window.FileEntry"
      ]
    },
    {
      "id": "cordova-plugin-file.FileError",
      "file": "plugins/cordova-plugin-file/www/FileError.js",
      "pluginId": "cordova-plugin-file",
      "clobbers": [
        "window.FileError"
      ]
    },
    {
      "id": "cordova-plugin-file.FileReader",
      "file": "plugins/cordova-plugin-file/www/FileReader.js",
      "pluginId": "cordova-plugin-file",
      "clobbers": [
        "window.FileReader"
      ]
    },
    {
      "id": "cordova-plugin-file.FileSystem",
      "file": "plugins/cordova-plugin-file/www/FileSystem.js",
      "pluginId": "cordova-plugin-file",
      "clobbers": [
        "window.FileSystem"
      ]
    },
    {
      "id": "cordova-plugin-file.FileUploadOptions",
      "file": "plugins/cordova-plugin-file/www/FileUploadOptions.js",
      "pluginId": "cordova-plugin-file",
      "clobbers": [
        "window.FileUploadOptions"
      ]
    },
    {
      "id": "cordova-plugin-file.FileUploadResult",
      "file": "plugins/cordova-plugin-file/www/FileUploadResult.js",
      "pluginId": "cordova-plugin-file",
      "clobbers": [
        "window.FileUploadResult"
      ]
    },
    {
      "id": "cordova-plugin-file.FileWriter",
      "file": "plugins/cordova-plugin-file/www/FileWriter.js",
      "pluginId": "cordova-plugin-file",
      "clobbers": [
        "window.FileWriter"
      ]
    },
    {
      "id": "cordova-plugin-file.Flags",
      "file": "plugins/cordova-plugin-file/www/Flags.js",
      "pluginId": "cordova-plugin-file",
      "clobbers": [
        "window.Flags"
      ]
    },
    {
      "id": "cordova-plugin-file.LocalFileSystem",
      "file": "plugins/cordova-plugin-file/www/LocalFileSystem.js",
      "pluginId": "cordova-plugin-file",
      "clobbers": [
        "window.LocalFileSystem"
      ],
      "merges": [
        "window"
      ]
    },
    {
      "id": "cordova-plugin-file.Metadata",
      "file": "plugins/cordova-plugin-file/www/Metadata.js",
      "pluginId": "cordova-plugin-file",
      "clobbers": [
        "window.Metadata"
      ]
    },
    {
      "id": "cordova-plugin-file.ProgressEvent",
      "file": "plugins/cordova-plugin-file/www/ProgressEvent.js",
      "pluginId": "cordova-plugin-file",
      "clobbers": [
        "window.ProgressEvent"
      ]
    },
    {
      "id": "cordova-plugin-file.fileSystems",
      "file": "plugins/cordova-plugin-file/www/fileSystems.js",
      "pluginId": "cordova-plugin-file"
    },
    {
      "id": "cordova-plugin-file.requestFileSystem",
      "file": "plugins/cordova-plugin-file/www/requestFileSystem.js",
      "pluginId": "cordova-plugin-file",
      "clobbers": [
        "window.requestFileSystem"
      ]
    },
    {
      "id": "cordova-plugin-file.resolveLocalFileSystemURI",
      "file": "plugins/cordova-plugin-file/www/resolveLocalFileSystemURI.js",
      "pluginId": "cordova-plugin-file",
      "merges": [
        "window"
      ]
    },
    {
      "id": "cordova-plugin-file.isChrome",
      "file": "plugins/cordova-plugin-file/www/browser/isChrome.js",
      "pluginId": "cordova-plugin-file",
      "runs": true
    },
    {
      "id": "cordova-plugin-file.androidFileSystem",
      "file": "plugins/cordova-plugin-file/www/android/FileSystem.js",
      "pluginId": "cordova-plugin-file",
      "merges": [
        "FileSystem"
      ]
    },
    {
      "id": "cordova-plugin-file.fileSystems-roots",
      "file": "plugins/cordova-plugin-file/www/fileSystems-roots.js",
      "pluginId": "cordova-plugin-file",
      "runs": true
    },
    {
      "id": "cordova-plugin-file.fileSystemPaths",
      "file": "plugins/cordova-plugin-file/www/fileSystemPaths.js",
      "pluginId": "cordova-plugin-file",
      "merges": [
        "cordova"
      ],
      "runs": true
    },
    {
      "id": "cordova-plugin-dialogs.notification",
      "file": "plugins/cordova-plugin-dialogs/www/notification.js",
      "pluginId": "cordova-plugin-dialogs",
      "merges": [
        "navigator.notification"
      ]
    },
    {
      "id": "cordova-plugin-dialogs.notification_android",
      "file": "plugins/cordova-plugin-dialogs/www/android/notification.js",
      "pluginId": "cordova-plugin-dialogs",
      "merges": [
        "navigator.notification"
      ]
    }
  ],
  "plugin_metadata": {
    "cordova-plugin-whitelist": "1.3.3",
    "cordova-plugin-camera": "4.0.3",
    "cordova-plugin-geolocation": "4.0.1",
    "cordova-plugin-file": "6.0.1",
    "cordova-plugin-dialogs": "2.0.1",
    "cordova-plugin-console": "1.1.0"
  }
}
